<?xml version='1.0' encoding='utf-8' standalone='yes' ?>
<map>
    <int name="build" value="955" />
    <boolean name="namespaceSharedPreferences" value="false" />
    <string name="device.id">9f995559aa592a183c7f47beddc200b27094156bf34c2bb1a34d84766c15ab9a</string>
    <string name="version">3.90.0</string>
    <string name="traits-wSgiSNwwTtjusY4M1GugEJ3I3kBxgBvU">{&quot;pushNotificationAndroid&quot;:&quot;enabled&quot;,&quot;anonymousId&quot;:&quot;d54c3f18-9a53-4380-9f5c-bfe42590f146&quot;,&quot;subscriber_key&quot;:&quot;8bf6ed2f08a257e32a362c4fddb83ff4877321afe3942938222a46c5b68a0a9c&quot;,&quot;syncUsingCellular&quot;:false,&quot;userId&quot;:&quot;109b60fd-181e-5312-aa6d-2b71ece612a9&quot;,&quot;subStatus&quot;:&quot;Mega Fan&quot;,&quot;createdAt&quot;:&quot;2025-10-17T16:04:04+0000&quot;,&quot;phoneNumber&quot;:&quot;&quot;,&quot;pushNotificationOptOut&quot;:&quot;&quot;,&quot;externalUserId&quot;:&quot;1247044194&quot;,&quot;profileId&quot;:&quot;55924f57-93a7-474b-8eec-de0f8a708bb9&quot;,&quot;email&quot;:&quot;kutatamihdvd7@gamil.com&quot;,&quot;username&quot;:&quot;Nabil_rhk&quot;}</string>
</map>
